"Name","distinguishedName","Version","ModifiedDate","SDDL"
"MS-SQL-OLAPDatabase","CN=MS-SQL-OLAPDatabase,CN=Schema,CN=Configuration,DC=contoso,DC=com","1","2015-05-23 23:38:32","D:(A;;RPWPCRCCDCLCLORCWOWDSDDTSW;;;DA)(A;;RPWPCRCCDCLCLORCWOWDSDDTSW;;;SY)(A;;RPLCLORC;;;AU)  "
"MS-SQL-SQLDatabase","CN=MS-SQL-SQLDatabase,CN=Schema,CN=Configuration,DC=contoso,DC=com","1","2015-05-23 23:38:32","D:(A;;RPWPCRCCDCLCLORCWOWDSDDTSW;;;DA)(A;;RPWPCRCCDCLCLORCWOWDSDDTSW;;;SY)(A;;RPLCLORC;;;AU)  "
"MS-SQL-SQLPublication","CN=MS-SQL-SQLPublication,CN=Schema,CN=Configuration,DC=contoso,DC=com","1","2015-05-23 23:38:32","D:(A;;RPWPCRCCDCLCLORCWOWDSDDTSW;;;DA)(A;;RPWPCRCCDCLCLORCWOWDSDDTSW;;;SY)(A;;RPLCLORC;;;AU)  "
"MS-SQL-SQLRepository","CN=MS-SQL-SQLRepository,CN=Schema,CN=Configuration,DC=contoso,DC=com","1","2015-05-23 23:38:32","D:(A;;RPWPCRCCDCLCLORCWOWDSDDTSW;;;DA)(A;;RPWPCRCCDCLCLORCWOWDSDDTSW;;;SY)(A;;RPLCLORC;;;AU)  "
"MS-SQL-OLAPServer","CN=MS-SQL-OLAPServer,CN=Schema,CN=Configuration,DC=contoso,DC=com","1","2015-05-23 23:38:32","D:(A;;RPWPCRCCDCLCLORCWOWDSDDTSW;;;DA)(A;;RPWPCRCCDCLCLORCWOWDSDDTSW;;;SY)(A;;RPLCLORC;;;AU)  "
"MS-SQL-SQLServer","CN=MS-SQL-SQLServer,CN=Schema,CN=Configuration,DC=contoso,DC=com","1","2015-05-23 23:38:32","D:(A;;RPWPCRCCDCLCLORCWOWDSDDTSW;;;DA)(A;;RPWPCRCCDCLCLORCWOWDSDDTSW;;;SY)(A;;RPLCLORC;;;AU)  "
"ms-PKI-Key-Recovery-Agent","CN=ms-PKI-Key-Recovery-Agent,CN=Schema,CN=Configuration,DC=contoso,DC=com","1","2015-05-23 23:38:32","D:(A;;RPWPCRCCDCLCLORCWOWDSDDTSW;;;DA)(A;;RPWPCRCCDCLCLORCWOWDSDDTSW;;;SY)(A;;RPLCLORC;;;AU)  "
"ms-PKI-Enterprise-Oid","CN=ms-PKI-Enterprise-Oid,CN=Schema,CN=Configuration,DC=contoso,DC=com","1","2015-05-23 23:38:32","D:(A;;RPWPCRCCDCLCLORCWOWDSDDTSW;;;DA)(A;;RPWPCRCCDCLCLORCWOWDSDDTSW;;;SY)(A;;RPLCLORC;;;AU)  "
"ms-ieee-80211-Policy","CN=ms-ieee-80211-Policy,CN=Schema,CN=Configuration,DC=contoso,DC=com","1","2015-05-23 23:38:32","D:(A;;RPWPCRCCDCLCLORCWOWDSDDTSW;;;DA)(A;;RPWPCRCCDCLCLORCWOWDSDDTSW;;;SY)(A;;RPLCLORC;;;AU)  "
"ms-Exch-Configuration-Container","CN=ms-Exch-Configuration-Container,CN=Schema,CN=Configuration,DC=contoso,DC=com","1","2015-05-23 23:38:32","D:(A;;RPWPCRCCDCLCLORCWOWDSDDTSW;;;DA)(A;;RPWPCRCCDCLCLORCWOWDSDDTSW;;;SY)(A;;RPLCLORC;;;AU)  "
"ms-DS-Quota-Control","CN=ms-DS-Quota-Control,CN=Schema,CN=Configuration,DC=contoso,DC=com","1","2015-05-23 23:38:32","D:(A;;RPWPCRCCDCLCLORCWOWDSDDTSW;;;DA)(A;;RPLCLORC;;;BA)  "
"ms-DS-Quota-Container","CN=ms-DS-Quota-Container,CN=Schema,CN=Configuration,DC=contoso,DC=com","1","2015-05-23 23:38:32","D:(A;;RPWPCRCCDCLCLORCWOWDSDDTSW;;;DA)(A;;RPLCLORC;;;BA)(OA;;CR;4ecc03fe-ffc0-4947-b630-eb672a8a9dbc;;WD)  "
"ms-DS-Az-Task","CN=ms-DS-Az-Task,CN=Schema,CN=Configuration,DC=contoso,DC=com","1","2015-05-23 23:38:32","D:(A;;RPWPCRCCDCLCLORCWOWDSDDTSW;;;DA)(A;;RPWPCRCCDCLCLORCWOWDSDDTSW;;;SY)(A;;RPLCLORC;;;AU)(A;;RPWPCRCCDCLCLORCWOWDSDDTSW;;;CO)  "
"ms-DS-Az-Scope","CN=ms-DS-Az-Scope,CN=Schema,CN=Configuration,DC=contoso,DC=com","1","2015-05-23 23:38:32","D:(A;;RPWPCRCCDCLCLORCWOWDSDDTSW;;;DA)(A;;RPWPCRCCDCLCLORCWOWDSDDTSW;;;SY)(A;;RPLCLORC;;;AU)(A;;RPWPCRCCDCLCLORCWOWDSDDTSW;;;CO)  "
"ms-DS-Az-Role","CN=ms-DS-Az-Role,CN=Schema,CN=Configuration,DC=contoso,DC=com","1","2015-05-23 23:38:32","D:(A;;RPWPCRCCDCLCLORCWOWDSDDTSW;;;DA)(A;;RPWPCRCCDCLCLORCWOWDSDDTSW;;;SY)(A;;RPLCLORC;;;AU)(A;;RPWPCRCCDCLCLORCWOWDSDDTSW;;;CO)  "
"ms-DS-Az-Operation","CN=ms-DS-Az-Operation,CN=Schema,CN=Configuration,DC=contoso,DC=com","1","2015-05-23 23:38:32","D:(A;;RPWPCRCCDCLCLORCWOWDSDDTSW;;;DA)(A;;RPWPCRCCDCLCLORCWOWDSDDTSW;;;SY)(A;;RPLCLORC;;;AU)(A;;RPWPCRCCDCLCLORCWOWDSDDTSW;;;CO)  "
"ms-DS-Az-Application","CN=ms-DS-Az-Application,CN=Schema,CN=Configuration,DC=contoso,DC=com","1","2015-05-23 23:38:32","D:(A;;RPWPCRCCDCLCLORCWOWDSDDTSW;;;DA)(A;;RPWPCRCCDCLCLORCWOWDSDDTSW;;;SY)(A;;RPLCLORC;;;AU)(A;;RPWPCRCCDCLCLORCWOWDSDDTSW;;;CO)  "
"ms-DS-Az-Admin-Manager","CN=ms-DS-Az-Admin-Manager,CN=Schema,CN=Configuration,DC=contoso,DC=com","1","2015-05-23 23:38:32","D:(A;;RPWPCRCCDCLCLORCWOWDSDDTSW;;;DA)(A;;RPWPCRCCDCLCLORCWOWDSDDTSW;;;SY)(A;;RPLCLORC;;;AU)(A;;RPWPCRCCDCLCLORCWOWDSDDTSW;;;CO)  "
"ms-DS-App-Data","CN=ms-DS-App-Data,CN=Schema,CN=Configuration,DC=contoso,DC=com","1","2015-05-23 23:38:32","D:(A;;RPWPCRCCDCLCLORCWOWDSDDTSW;;;DA)(A;;RPWPCRCCDCLCLORCWOWDSDDTSW;;;SY)(A;;RPLCLORC;;;AU)  "
"ms-DS-App-Configuration","CN=ms-DS-App-Configuration,CN=Schema,CN=Configuration,DC=contoso,DC=com","1","2015-05-23 23:38:32","D:(A;;RPWPCRCCDCLCLORCWOWDSDDTSW;;;DA)(A;;RPWPCRCCDCLCLORCWOWDSDDTSW;;;SY)(A;;RPLCLORC;;;AU)  "
"ms-COM-PartitionSet","CN=ms-COM-PartitionSet,CN=Schema,CN=Configuration,DC=contoso,DC=com","1","2015-05-23 23:38:32","D:(A;;RPWPCRCCDCLCLORCWOWDSDDTSW;;;DA)(A;;RPWPCRCCDCLCLORCWOWDSDDTSW;;;SY)(A;;RPLCLORC;;;AU)  "
"ms-COM-Partition","CN=ms-COM-Partition,CN=Schema,CN=Configuration,DC=contoso,DC=com","1","2015-05-23 23:38:32","D:(A;;RPWPCRCCDCLCLORCWOWDSDDTSW;;;DA)(A;;RPWPCRCCDCLCLORCWOWDSDDTSW;;;SY)(A;;RPLCLORC;;;AU)  "
"Meeting","CN=Meeting,CN=Schema,CN=Configuration,DC=contoso,DC=com","1","2015-05-23 23:38:32","D:(A;;RPWPCRCCDCLCLORCWOWDSDDTSW;;;DA)(A;;RPWPCRCCDCLCLORCWOWDSDDTSW;;;SY)(A;;RPLCLORC;;;AU)  "
"Mail-Recipient","CN=Mail-Recipient,CN=Schema,CN=Configuration,DC=contoso,DC=com","1","2015-05-23 23:38:32","D:(A;;RPWPCRCCDCLCLORCWOWDSDDTSW;;;DA)(A;;RPWPCRCCDCLCLORCWOWDSDDTSW;;;SY)(A;;RPLCLORC;;;AU)  "
"Lost-And-Found","CN=Lost-And-Found,CN=Schema,CN=Configuration,DC=contoso,DC=com","1","2015-05-23 23:38:32","D:(A;;RPWPCRCCDCLCLORCWOWDSDDTSW;;;DA)(A;;RPWPCRCCDCLCLORCWOWDSDDTSW;;;SY)(A;;RPLCLORC;;;AU)  "
"Locality","CN=Locality,CN=Schema,CN=Configuration,DC=contoso,DC=com","1","2015-05-23 23:38:32","D:(A;;RPWPCRCCDCLCLORCWOWDSDDTSW;;;DA)(A;;RPWPCRCCDCLCLORCWOWDSDDTSW;;;SY)(A;;RPLCLORC;;;AU)  "
"Link-Track-Volume-Table","CN=Link-Track-Volume-Table,CN=Schema,CN=Configuration,DC=contoso,DC=com","1","2015-05-23 23:38:32","D:(A;;RPWPCRCCDCLCLORCWOWDSDDTSW;;;DA)(A;;RPWPCRCCDCLCLORCWOWDSDDTSW;;;SY)(A;;RPLCLORC;;;AU)  "
"Link-Track-Vol-Entry","CN=Link-Track-Vol-Entry,CN=Schema,CN=Configuration,DC=contoso,DC=com","1","2015-05-23 23:38:32","D:(A;;RPWPCRCCDCLCLORCWOWDSDDTSW;;;DA)(A;;RPWPCRCCDCLCLORCWOWDSDDTSW;;;SY)  "
"Link-Track-OMT-Entry","CN=Link-Track-OMT-Entry,CN=Schema,CN=Configuration,DC=contoso,DC=com","1","2015-05-23 23:38:32","D:(A;;RPWPCRCCDCLCLORCWOWDSDDTSW;;;DA)(A;;RPWPCRCCDCLCLORCWOWDSDDTSW;;;SY)(A;;RPLCLORC;;;AU)  "
"Link-Track-Object-Move-Table","CN=Link-Track-Object-Move-Table,CN=Schema,CN=Configuration,DC=contoso,DC=com","1","2015-05-23 23:38:32","D:(A;;RPWPCRCCDCLCLORCWOWDSDDTSW;;;DA)(A;;RPWPCRCCDCLCLORCWOWDSDDTSW;;;SY)(A;;RPLCLORC;;;AU)  "
"Licensing-Site-Settings","CN=Licensing-Site-Settings,CN=Schema,CN=Configuration,DC=contoso,DC=com","1","2015-05-23 23:38:32","D:(A;;RPWPCRCCDCLCLORCWOWDSDDTSW;;;DA)(A;;RPWPCRCCDCLCLORCWOWDSDDTSW;;;SY)(A;;RPLCLORC;;;AU)  "
"Leaf","CN=Leaf,CN=Schema,CN=Configuration,DC=contoso,DC=com","1","2015-05-23 23:38:32","D:(A;;RPWPCRCCDCLCLORCWOWDSDDTSW;;;DA)(A;;RPWPCRCCDCLCLORCWOWDSDDTSW;;;SY)(A;;RPLCLORC;;;AU)  "
"Ipsec-Policy","CN=Ipsec-Policy,CN=Schema,CN=Configuration,DC=contoso,DC=com","1","2015-05-23 23:38:32","D:  "
"Ipsec-NFA","CN=Ipsec-NFA,CN=Schema,CN=Configuration,DC=contoso,DC=com","1","2015-05-23 23:38:32","D:  "
"Ipsec-Negotiation-Policy","CN=Ipsec-Negotiation-Policy,CN=Schema,CN=Configuration,DC=contoso,DC=com","1","2015-05-23 23:38:32","D:  "
"Ipsec-ISAKMP-Policy","CN=Ipsec-ISAKMP-Policy,CN=Schema,CN=Configuration,DC=contoso,DC=com","1","2015-05-23 23:38:32","D:  "
"Ipsec-Filter","CN=Ipsec-Filter,CN=Schema,CN=Configuration,DC=contoso,DC=com","1","2015-05-23 23:38:32","D:  "
"Ipsec-Base","CN=Ipsec-Base,CN=Schema,CN=Configuration,DC=contoso,DC=com","1","2015-05-23 23:38:32","D:  "
"Inter-Site-Transport-Container","CN=Inter-Site-Transport-Container,CN=Schema,CN=Configuration,DC=contoso,DC=com","1","2015-05-23 23:38:32","D:(A;;RPWPCRCCDCLCLORCWOWDSDDTSW;;;DA)(A;;RPWPCRCCDCLCLORCWOWDSDDTSW;;;SY)(A;;RPLCLORC;;;AU)  "
"Inter-Site-Transport","CN=Inter-Site-Transport,CN=Schema,CN=Configuration,DC=contoso,DC=com","1","2015-05-23 23:38:32","D:(A;;RPWPCRCCDCLCLORCWOWDSDDTSW;;;DA)(A;;RPWPCRCCDCLCLORCWOWDSDDTSW;;;SY)(A;;RPLCLORC;;;AU)  "
"Volume","CN=Volume,CN=Schema,CN=Configuration,DC=contoso,DC=com","1","2015-05-23 23:38:32","D:(A;;RPWPCRCCDCLCLORCWOWDSDDTSW;;;DA)(A;;RPWPCRCCDCLCLORCWOWDSDDTSW;;;SY)(A;;RPLCLORC;;;AU)  "
"Intellimirror-SCP","CN=Intellimirror-SCP,CN=Schema,CN=Configuration,DC=contoso,DC=com","1","2015-05-23 23:38:32","D:(A;;RPWPCRCCDCLCLORCWOWDSDDTSW;;;DA)(A;;RPWPCRCCDCLCLORCWOWDSDDTSW;;;SY)(A;;RPLCLORC;;;AU)  "
"User","CN=User,CN=Schema,CN=Configuration,DC=contoso,DC=com","1","2015-05-23 23:38:32","D:(A;;RPWPCRCCDCLCLORCWOWDSDDTSW;;;DA)(A;;RPWPCRCCDCLCLORCWOWDSDDTSW;;;SY)(A;;RPWPCRCCDCLCLORCWOWDSDDTSW;;;AO)(A;;RPLCLORC;;;PS)(OA;;CR;ab721a53-1e2f-11d0-9819-00aa0040529b;;PS)(OA;;CR;ab721a54-1e2f-11d0-9819-00aa0040529b;;PS)(OA;;CR;ab721a56-1e2f-11d0-9819-00aa0040529b;;PS)(OA;;RPWP;77B5B886-944A-11d1-AEBD-0000F80367C1;;PS)(OA;;RPWP;E45795B2-9455-11d1-AEBD-0000F80367C1;;PS)(OA;;RPWP;E45795B3-9455-11d1-AEBD-0000F80367C1;;PS)(OA;;RP;037088f8-0ae1-11d2-b422-00a0c968f939;;RS)(OA;;RP;4c164200-20c0-11d0-a768-00aa006e0529;;RS)(OA;;RP;bc0ac240-79a9-11d0-9020-00c04fc2d4cf;;RS)(A;;RC;;;AU)(OA;;RP;59ba2f42-79a2-11d0-9020-00c04fc2d3cf;;AU)(OA;;RP;77B5B886-944A-11d1-AEBD-0000F80367C1;;AU)(OA;;RP;E45795B3-9455-11d1-AEBD-0000F80367C1;;AU)(OA;;RP;e48d0154-bcf8-11d1-8702-00c04fb96050;;AU)(OA;;CR;ab721a53-1e2f-11d0-9819-00aa0040529b;;WD)(OA;;RP;5f202010-79a5-11d0-9020-00c04fc2d4cf;;RS)(OA;;RPWP;bf967a7f-0de6-11d0-a285-00aa003049e2;;CA)(OA;;RP;46a9b11d-60ae-405a-b7e8-ff8a58d456d2;;S-1-5-32-560)(OA;;WPRP;6db69a1c-9422-11d1-aebd-0000f80367c1;;S-1-5-32-561)  "
"Intellimirror-Group","CN=Intellimirror-Group,CN=Schema,CN=Configuration,DC=contoso,DC=com","1","2015-05-23 23:38:32","D:(A;;RPWPCRCCDCLCLORCWOWDSDDTSW;;;SY)(A;;RPWPCRCCDCLCLORCWOWDSDDTSW;;;DA)(A;;CCDC;;;CO)(A;;RPLCLORC;;;AU)  "
"Type-Library","CN=Type-Library,CN=Schema,CN=Configuration,DC=contoso,DC=com","1","2015-05-23 23:38:32","D:(A;;RPWPCRCCDCLCLORCWOWDSDDTSW;;;DA)(A;;RPWPCRCCDCLCLORCWOWDSDDTSW;;;SY)(A;;RPLCLORC;;;AU)  "
"Infrastructure-Update","CN=Infrastructure-Update,CN=Schema,CN=Configuration,DC=contoso,DC=com","1","2015-05-23 23:38:32","D:(A;;GA;;;SY)  "
"Trusted-Domain","CN=Trusted-Domain,CN=Schema,CN=Configuration,DC=contoso,DC=com","1","2015-05-23 23:38:32","D:(A;;RPWPCRCCDCLCLORCWOWDSDDTSW;;;DA)(A;;RPWPCRCCDCLCLORCWOWDSDDTSW;;;SY)(A;;RPLCLORC;;;AU)(OA;;WP;736e4812-af31-11d2-b7df-00805f48caeb;bf967ab8-0de6-11d0-a285-00aa003049e2;CO)(A;;SD;;;CO)  "
"inetOrgPerson","CN=inetOrgPerson,CN=Schema,CN=Configuration,DC=contoso,DC=com","1","2015-05-23 23:38:32","D:(A;;RPWPCRCCDCLCLORCWOWDSDDTSW;;;DA)(A;;RPWPCRCCDCLCLORCWOWDSDDTSW;;;SY)(A;;RPWPCRCCDCLCLORCWOWDSDDTSW;;;AO)(A;;RPLCLORC;;;PS)(OA;;CR;ab721a53-1e2f-11d0-9819-00aa0040529b;;PS)(OA;;CR;ab721a54-1e2f-11d0-9819-00aa0040529b;;PS)(OA;;CR;ab721a56-1e2f-11d0-9819-00aa0040529b;;PS)(OA;;RPWP;77B5B886-944A-11d1-AEBD-0000F80367C1;;PS)(OA;;RPWP;E45795B2-9455-11d1-AEBD-0000F80367C1;;PS)(OA;;RPWP;E45795B3-9455-11d1-AEBD-0000F80367C1;;PS)(OA;;RP;037088f8-0ae1-11d2-b422-00a0c968f939;;RS)(OA;;RP;4c164200-20c0-11d0-a768-00aa006e0529;;RS)(OA;;RP;bc0ac240-79a9-11d0-9020-00c04fc2d4cf;;RS)(A;;RC;;;AU)(OA;;RP;59ba2f42-79a2-11d0-9020-00c04fc2d3cf;;AU)(OA;;RP;77B5B886-944A-11d1-AEBD-0000F80367C1;;AU)(OA;;RP;E45795B3-9455-11d1-AEBD-0000F80367C1;;AU)(OA;;RP;e48d0154-bcf8-11d1-8702-00c04fb96050;;AU)(OA;;CR;ab721a53-1e2f-11d0-9819-00aa0040529b;;WD)(OA;;RP;5f202010-79a5-11d0-9020-00c04fc2d4cf;;RS)(OA;;RPWP;bf967a7f-0de6-11d0-a285-00aa003049e2;;CA)(OA;;RP;46a9b11d-60ae-405a-b7e8-ff8a58d456d2;;S-1-5-32-560)(OA;;WPRP;6db69a1c-9422-11d1-aebd-0000f80367c1;;S-1-5-32-561)  "
"Top","CN=Top,CN=Schema,CN=Configuration,DC=contoso,DC=com","1","2015-05-23 23:38:32","D:(A;;RPWPCRCCDCLCLORCWOWDSDDTSW;;;DA)(A;;RPWPCRCCDCLCLORCWOWDSDDTSW;;;SY)(A;;RPLCLORC;;;AU)  "
"Index-Server-Catalog","CN=Index-Server-Catalog,CN=Schema,CN=Configuration,DC=contoso,DC=com","1","2015-05-23 23:38:32","D:(A;;RPWPCRCCDCLCLORCWOWDSDDTSW;;;DA)(A;;RPWPCRCCDCLCLORCWOWDSDDTSW;;;SY)(A;;RPLCLORC;;;AU)  "
"Group-Policy-Container","CN=Group-Policy-Container,CN=Schema,CN=Configuration,DC=contoso,DC=com","1","2015-05-23 23:38:32","D:P(A;CI;RPWPCCDCLCLOLORCWOWDSDDTSW;;;DA)(A;CI;RPWPCCDCLCLOLORCWOWDSDDTSW;;;EA)(A;CI;RPWPCCDCLCLOLORCWOWDSDDTSW;;;CO)(A;CI;RPWPCCDCLCLORCWOWDSDDTSW;;;SY)(A;CI;RPLCLORC;;;AU)(OA;CI;CR;edacfd8f-ffb3-11d1-b41d-00a0c968f939;;AU)(A;CI;LCRPLORC;;;ED)  "
"Subnet-Container","CN=Subnet-Container,CN=Schema,CN=Configuration,DC=contoso,DC=com","1","2015-05-23 23:38:32","D:(A;;RPWPCRCCDCLCLORCWOWDSW;;;DA)(A;;RPWPCRCCDCLCLORCWOWDSDDTSW;;;SY)(A;;RPLCLORC;;;AU)  "
"groupOfUniqueNames","CN=groupOfUniqueNames,CN=Schema,CN=Configuration,DC=contoso,DC=com","1","2015-05-23 23:38:32","D:(A;;RPWPCRCCDCLCLORCWOWDSDDTSW;;;DA)(A;;RPWPCRCCDCLCLORCWOWDSDDTSW;;;SY)(A;;RPLCLORC;;;AU)(A;;RPWPCRCCDCLCLORCWOWDSDDTSW;;;AO)(A;;RPLCLORC;;;PS)  "
"Subnet","CN=Subnet,CN=Schema,CN=Configuration,DC=contoso,DC=com","1","2015-05-23 23:38:32","D:(A;;RPWPCRCCDCLCLORCWOWDSDDTSW;;;DA)(A;;RPWPCRCCDCLCLORCWOWDSDDTSW;;;SY)(A;;RPLCLORC;;;AU)  "
"Group-Of-Names","CN=Group-Of-Names,CN=Schema,CN=Configuration,DC=contoso,DC=com","1","2015-05-23 23:38:32","D:(A;;RPWPCRCCDCLCLORCWOWDSDDTSW;;;DA)(A;;RPWPCRCCDCLCLORCWOWDSDDTSW;;;SY)(A;;RPLCLORC;;;AU)  "
"Storage","CN=Storage,CN=Schema,CN=Configuration,DC=contoso,DC=com","1","2015-05-23 23:38:32","D:(A;;RPWPCRCCDCLCLORCWOWDSDDTSW;;;DA)(A;;RPWPCRCCDCLCLORCWOWDSDDTSW;;;SY)(A;;RPLCLORC;;;AU)  "
"Group","CN=Group,CN=Schema,CN=Configuration,DC=contoso,DC=com","1","2015-05-23 23:38:32","D:(A;;RPWPCRCCDCLCLORCWOWDSDDTSW;;;DA)(A;;RPWPCRCCDCLCLORCWOWDSDDTSW;;;SY)(A;;RPLCLORC;;;AU)(A;;RPWPCRCCDCLCLORCWOWDSDDTSW;;;AO)(A;;RPLCLORC;;;PS)(OA;;CR;ab721a55-1e2f-11d0-9819-00aa0040529b;;AU)(OA;;RP;46a9b11d-60ae-405a-b7e8-ff8a58d456d2;;S-1-5-32-560)  "
"Sites-Container","CN=Sites-Container,CN=Schema,CN=Configuration,DC=contoso,DC=com","1","2015-05-23 23:38:32","D:(A;;RPWPCRCCDCLCLORCWOWDSDDTSW;;;DA)(A;;RPWPCRCCDCLCLORCWOWDSDDTSW;;;SY)(A;;RPLCLORC;;;AU)  "
"FT-Dfs","CN=FT-Dfs,CN=Schema,CN=Configuration,DC=contoso,DC=com","1","2015-05-23 23:38:32","D:(A;;RPWPCRCCDCLCLORCWOWDSDDTSW;;;DA)(A;;RPWPCRCCDCLCLORCWOWDSDDTSW;;;SY)(A;;RPWPCRCCDCLCLORCWOWDSDDTSW;;;CO)(A;;RPLCLORC;;;AU)  "
"Site-Link-Bridge","CN=Site-Link-Bridge,CN=Schema,CN=Configuration,DC=contoso,DC=com","1","2015-05-23 23:38:32","D:(A;;RPWPCRCCDCLCLORCWOWDSDDTSW;;;DA)(A;;RPWPCRCCDCLCLORCWOWDSDDTSW;;;SY)(A;;RPLCLORC;;;AU)  "
"friendlyCountry","CN=friendlyCountry,CN=Schema,CN=Configuration,DC=contoso,DC=com","1","2015-05-23 23:38:32","D:(A;;RPWPCRCCDCLCLOLORCWOWDSDDTDTSW;;;DA)(A;;RPWPCRCCDCLCLORCWOWDSDDTSW;;;SY)(A;;RPLCLORC;;;AU)  "
"Site-Link","CN=Site-Link,CN=Schema,CN=Configuration,DC=contoso,DC=com","1","2015-05-23 23:38:32","D:(A;;RPWPCRCCDCLCLORCWOWDSDDTSW;;;DA)(A;;RPWPCRCCDCLCLORCWOWDSDDTSW;;;SY)(A;;RPLCLORC;;;AU)  "
"Foreign-Security-Principal","CN=Foreign-Security-Principal,CN=Schema,CN=Configuration,DC=contoso,DC=com","1","2015-05-23 23:38:32","D:(A;;RPWPCRCCDCLCLORCWOWDSDDTSW;;;DA)(A;;RPWPCRCCDCLCLORCWOWDSDDTSW;;;SY)(A;;RPWPCRCCDCLCLORCWOWDSDDTSW;;;AO)(A;;RPLCLORC;;;PS)(OA;;CR;ab721a53-1e2f-11d0-9819-00aa0040529b;;PS)(OA;;CR;ab721a54-1e2f-11d0-9819-00aa0040529b;;PS)(OA;;CR;ab721a56-1e2f-11d0-9819-00aa0040529b;;PS)(OA;;RPWP;77B5B886-944A-11d1-AEBD-0000F80367C1;;PS)(OA;;RPWP;E45795B2-9455-11d1-AEBD-0000F80367C1;;PS)(OA;;RPWP;E45795B3-9455-11d1-AEBD-0000F80367C1;;PS)(A;;RC;;;AU)(OA;;RP;59ba2f42-79a2-11d0-9020-00c04fc2d3cf;;AU)(OA;;RP;77B5B886-944A-11d1-AEBD-0000F80367C1;;AU)(OA;;RP;E45795B3-9455-11d1-AEBD-0000F80367C1;;AU)(OA;;RP;e48d0154-bcf8-11d1-8702-00c04fb96050;;AU)(OA;;CR;ab721a53-1e2f-11d0-9819-00aa0040529b;;WD)  "
"Site","CN=Site,CN=Schema,CN=Configuration,DC=contoso,DC=com","1","2015-05-23 23:38:32","D:(A;;RPWPCRCCDCLCLORCWOWDSDDTSW;;;SY)(A;;RPLCLORC;;;AU)(A;;LCRPLORC;;;ED)  "
"File-Link-Tracking-Entry","CN=File-Link-Tracking-Entry,CN=Schema,CN=Configuration,DC=contoso,DC=com","1","2015-05-23 23:38:32","D:(A;;RPWPCRCCDCLCLORCWOWDSDDTSW;;;DA)(A;;RPWPCRCCDCLCLORCWOWDSDDTSW;;;SY)(A;;RPLCLORC;;;AU)  "
"simpleSecurityObject","CN=simpleSecurityObject,CN=Schema,CN=Configuration,DC=contoso,DC=com","1","2015-05-23 23:38:32","D:(A;;RPWPCRCCDCLCLOLORCWOWDSDDTDTSW;;;DA)(A;;RPWPCRCCDCLCLORCWOWDSDDTSW;;;SY)(A;;RPLCLORC;;;AU)  "
"File-Link-Tracking","CN=File-Link-Tracking,CN=Schema,CN=Configuration,DC=contoso,DC=com","1","2015-05-23 23:38:32","D:(A;;RPWPCRCCDCLCLORCWOWDSDDTSW;;;DA)(A;;RPWPCRCCDCLCLORCWOWDSDDTSW;;;SY)(A;;RPLCLORC;;;AU)  "
"Service-Instance","CN=Service-Instance,CN=Schema,CN=Configuration,DC=contoso,DC=com","1","2015-05-23 23:38:32","D:(A;;RPWPCRCCDCLCLORCWOWDSDDTSW;;;DA)(A;;RPWPCRCCDCLCLORCWOWDSDDTSW;;;SY)(A;;RPLCLORC;;;AU)  "
"Dynamic-Object","CN=Dynamic-Object,CN=Schema,CN=Configuration,DC=contoso,DC=com","1","2015-05-23 23:38:32","D:(A;;RPWPCRCCDCLCLORCWOWDSDDTSW;;;DA)(A;;RPWPCRCCDCLCLORCWOWDSDDTSW;;;SY)(A;;RPLCLORC;;;AU)  "
"Service-Connection-Point","CN=Service-Connection-Point,CN=Schema,CN=Configuration,DC=contoso,DC=com","1","2015-05-23 23:38:32","D:(A;;RPWPCRCCDCLCLORCWOWDSDDTSW;;;DA)(A;;RPWPCRCCDCLCLORCWOWDSDDTSW;;;CO)(A;;RPWPCRCCDCLCLORCWOWDSDDTSW;;;SY)(A;;RPLCLORC;;;AU)  "
"DSA","CN=DSA,CN=Schema,CN=Configuration,DC=contoso,DC=com","1","2015-05-23 23:38:32","D:(A;;RPWPCRCCDCLCLORCWOWDSDDTSW;;;DA)(A;;RPWPCRCCDCLCLORCWOWDSDDTSW;;;SY)(A;;RPLCLORC;;;AU)  "
"Service-Class","CN=Service-Class,CN=Schema,CN=Configuration,DC=contoso,DC=com","1","2015-05-23 23:38:32","D:(A;;RPWPCRCCDCLCLORCWOWDSDDTSW;;;DA)(A;;RPWPCRCCDCLCLORCWOWDSDDTSW;;;SY)(A;;RPLCLORC;;;AU)  "
"DS-UI-Settings","CN=DS-UI-Settings,CN=Schema,CN=Configuration,DC=contoso,DC=com","1","2015-05-23 23:38:32","D:(A;;RPWPCRCCDCLCLORCWOWDSDDTSW;;;DA)(A;;RPWPCRCCDCLCLORCWOWDSDDTSW;;;SY)(A;;RPLCLORC;;;AU)  "
"Service-Administration-Point","CN=Service-Administration-Point,CN=Schema,CN=Configuration,DC=contoso,DC=com","1","2015-05-23 23:38:32","D:(A;;RPWPCRCCDCLCLORCWOWDSDDTSW;;;DA)(A;;RPWPCRCCDCLCLORCWOWDSDDTSW;;;SY)(A;;RPLCLORC;;;AU)  "
"domainRelatedObject","CN=domainRelatedObject,CN=Schema,CN=Configuration,DC=contoso,DC=com","1","2015-05-23 23:38:32","D:(A;;RPWPCRCCDCLCLOLORCWOWDSDDTDTSW;;;DA)(A;;RPWPCRCCDCLCLORCWOWDSDDTSW;;;SY)(A;;RPLCLORC;;;AU)  "
"Servers-Container","CN=Servers-Container,CN=Schema,CN=Configuration,DC=contoso,DC=com","1","2015-05-23 23:38:32","D:(A;;CC;;;BA)(A;;RPWPCRCCDCLCLORCWOWDSDDTSW;;;SY)(A;;RPLCLORC;;;AU)  "
"Domain-Policy","CN=Domain-Policy,CN=Schema,CN=Configuration,DC=contoso,DC=com","1","2015-05-23 23:38:31","D:(A;;RPWPCRCCDCLCLORCWOWDSDDTSW;;;DA)(A;;RPWPCRCCDCLCLORCWOWDSDDTSW;;;SY)(A;;RPLCLORC;;;AU)  "
"Server","CN=Server,CN=Schema,CN=Configuration,DC=contoso,DC=com","1","2015-05-23 23:38:32","D:(A;CI;RPWPCRCCDCLCLORCWOWDSDDTSW;;;DA)(A;;RPWPCRCCDCLCLORCWOWDSDDTSW;;;SY)(A;;RPLCLORC;;;AU)  "
"Domain-DNS","CN=Domain-DNS,CN=Schema,CN=Configuration,DC=contoso,DC=com","1","2015-05-23 23:38:31","D:(A;;RP;;;WD)(OA;;CR;1131f6aa-9c07-11d1-f79f-00c04fc2dcd2;;ED)(OA;;CR;1131f6ab-9c07-11d1-f79f-00c04fc2dcd2;;ED)(OA;;CR;1131f6ac-9c07-11d1-f79f-00c04fc2dcd2;;ED)(OA;;CR;1131f6aa-9c07-11d1-f79f-00c04fc2dcd2;;BA)(OA;;CR;1131f6ab-9c07-11d1-f79f-00c04fc2dcd2;;BA)(OA;;CR;1131f6ac-9c07-11d1-f79f-00c04fc2dcd2;;BA)(A;;RPLCLORC;;;AU)(A;;RPWPCRLCLOCCRCWDWOSW;;;DA)(A;CI;RPWPCRLCLOCCRCWDWOSDSW;;;BA)(A;;RPWPCRLCLOCCDCRCWDWOSDDTSW;;;SY)(A;CI;RPWPCRLCLOCCDCRCWDWOSDDTSW;;;EA)(A;CI;LC;;;RU)(OA;CIIO;RP;037088f8-0ae1-11d2-b422-00a0c968f939;bf967aba-0de6-11d0-a285-00aa003049e2;RU)(OA;CIIO;RP;59ba2f42-79a2-11d0-9020-00c04fc2d3cf;bf967aba-0de6-11d0-a285-00aa003049e2;RU)(OA;CIIO;RP;bc0ac240-79a9-11d0-9020-00c04fc2d4cf;bf967aba-0de6-11d0-a285-00aa003049e2;RU)(OA;CIIO;RP;4c164200-20c0-11d0-a768-00aa006e0529;bf967aba-0de6-11d0-a285-00aa003049e2;RU)(OA;CIIO;RP;5f202010-79a5-11d0-9020-00c04fc2d4cf;bf967aba-0de6-11d0-a285-00aa003049e2;RU)(OA;;RP;c7407360-20bf-11d0-a768-00aa006e0529;;RU)(OA;CIIO;RPLCLORC;;bf967a9c-0de6-11d0-a285-00aa003049e2;RU)(A;;RPRC;;;RU)(OA;CIIO;RPLCLORC;;bf967aba-0de6-11d0-a285-00aa003049e2;RU)(A;;LCRPLORC;;;ED)(OA;CIIO;RP;037088f8-0ae1-11d2-b422-00a0c968f939;4828CC14-1437-45bc-9B07-AD6F015E5F28;RU)(OA;CIIO;RP;59ba2f42-79a2-11d0-9020-00c04fc2d3cf;4828CC14-1437-45bc-9B07-AD6F015E5F28;RU)(OA;CIIO;RP;bc0ac240-79a9-11d0-9020-00c04fc2d4cf;4828CC14-1437-45bc-9B07-AD6F015E5F28;RU)(OA;CIIO;RP;4c164200-20c0-11d0-a768-00aa006e0529;4828CC14-1437-45bc-9B07-AD6F015E5F28;RU)(OA;CIIO;RP;5f202010-79a5-11d0-9020-00c04fc2d4cf;4828CC14-1437-45bc-9B07-AD6F015E5F28;RU)(OA;CIIO;RPLCLORC;;4828CC14-1437-45bc-9B07-AD6F015E5F28;RU)(OA;;RP;b8119fd0-04f6-4762-ab7a-4986c76b3f9a;;RU)(OA;;RP;b8119fd0-04f6-4762-ab7a-4986c76b3f9a;;AU)(OA;CIIO;RP;b7c69e6d-2cc7-11d2-854e-00a0c983f608;bf967aba-0de6-11d0-a285-00aa003049e2;ED)(OA;CIIO;RP;b7c69e6d-2cc7-11d2-854e-00a0c983f608;bf967a9c-0de6-11d0-a285-00aa003049e2;ED)(OA;CIIO;RP;b7c69e6d-2cc7-11d2-854e-00a0c983f608;bf967a86-0de6-11d0-a285-00aa003049e2;ED)(OA;;CR;1131f6ad-9c07-11d1-f79f-00c04fc2dcd2;;DD)(OA;;CR;1131f6ad-9c07-11d1-f79f-00c04fc2dcd2;;BA)(OA;;CR;e2a36dc9-ae17-47c3-b58b-be34c55ba633;;S-1-5-32-557)(OA;;CR;280f369c-67c7-438e-ae98-1d46f3c6f541;;AU)(OA;;CR;ccc2dc7d-a6ad-4a7a-8846-c04e3cc53501;;AU)(OA;;CR;05c74c5e-4deb-43b4-bd9f-86664c2a7fd5;;AU)S:(AU;SA;WDWOWP;;;WD)(AU;SA;CR;;;BA)(AU;SA;CR;;;DU)(OU;CISA;WP;f30e3bbe-9ff0-11d1-b603-0000f80367c1;bf967aa5-0de6-11d0-a285-00aa003049e2;WD)(OU;CISA;WP;f30e3bbf-9ff0-11d1-b603-0000f80367c1;bf967aa5-0de6-11d0-a285-00aa003049e2;WD)  "
"Security-Object","CN=Security-Object,CN=Schema,CN=Configuration,DC=contoso,DC=com","1","2015-05-23 23:38:32","D:(A;;RPWPCRCCDCLCLORCWOWDSDDTSW;;;DA)(A;;RPWPCRCCDCLCLORCWOWDSDDTSW;;;SY)(A;;RPLCLORC;;;AU)  "
"documentSeries","CN=documentSeries,CN=Schema,CN=Configuration,DC=contoso,DC=com","1","2015-05-23 23:38:31","D:(A;;RPWPCRCCDCLCLOLORCWOWDSDDTDTSW;;;DA)(A;;RPWPCRCCDCLCLORCWOWDSDDTSW;;;SY)(A;;RPLCLORC;;;AU)  "
"Secret","CN=Secret,CN=Schema,CN=Configuration,DC=contoso,DC=com","1","2015-05-23 23:38:32","D:(A;;RPWPCRCCDCLCLORCWOWDSDDTSW;;;SY)  "
"document","CN=document,CN=Schema,CN=Configuration,DC=contoso,DC=com","1","2015-05-23 23:38:31","D:(A;;RPWPCRCCDCLCLOLORCWOWDSDDTDTSW;;;DA)(A;;RPWPCRCCDCLCLORCWOWDSDDTSW;;;SY)(A;;RPLCLORC;;;AU)  "
"Sam-Server","CN=Sam-Server,CN=Schema,CN=Configuration,DC=contoso,DC=com","1","2015-05-23 23:38:32","D:(A;;RPWPCRCCDCLCLORCWOWDSDDTSW;;;DA)(A;;RPWPCRCCDCLCLORCWOWDSDDTSW;;;SY)(A;;RPLCLORC;;;AU)(A;;RPLCLORC;;;RU)(OA;;CR;91d67418-0135-4acc-8d79-c08e857cfbec;;AU)(OA;;CR;91d67418-0135-4acc-8d79-c08e857cfbec;;RU)  "
"Dns-Zone","CN=Dns-Zone,CN=Schema,CN=Configuration,DC=contoso,DC=com","1","2015-05-23 23:38:31","D:(A;;RPWPCRCCDCLCLORCWOWDSDDTSW;;;DA)(A;;RPWPCRCCDCLCLORCWOWDSDDTSW;;;ED)(A;;RPWPCRCCDCLCLORCWOWDSDDTSW;;;SY)(A;;CC;;;AU)(A;;RPLCLORC;;;WD)(A;;RPWPCRCCDCLCLORCWOWDSDDTSW;;;CO)  "
"Dns-Node","CN=Dns-Node,CN=Schema,CN=Configuration,DC=contoso,DC=com","1","2015-05-23 23:38:31","D:(A;;RPWPCRCCDCLCLORCWOWDSDDTSW;;;DA)(A;;RPWPCRCCDCLCLORCWOWDSDDTSW;;;ED)(A;;RPWPCRCCDCLCLORCWOWDSDDTSW;;;SY)(A;;RPWPCRCCDCLCLORCWOWDSDDTSW;;;CO)(A;;RPLCLORC;;;WD)  "
"Sam-Domain","CN=Sam-Domain,CN=Schema,CN=Configuration,DC=contoso,DC=com","1","2015-05-23 23:38:32","D:(A;;RP;;;WD)(OA;;CR;1131f6aa-9c07-11d1-f79f-00c04fc2dcd2;;ED)(OA;;CR;1131f6ab-9c07-11d1-f79f-00c04fc2dcd2;;ED)(OA;;CR;1131f6ac-9c07-11d1-f79f-00c04fc2dcd2;;ED)(OA;;CR;1131f6aa-9c07-11d1-f79f-00c04fc2dcd2;;BA)(OA;;CR;1131f6ab-9c07-11d1-f79f-00c04fc2dcd2;;BA)(OA;;CR;1131f6ac-9c07-11d1-f79f-00c04fc2dcd2;;BA)(A;;RPLCLORC;;;AU)(A;;RPWPCRLCLOCCRCWDWOSW;;;DA)(A;CI;RPWPCRLCLOCCRCWDWOSDSW;;;BA)(A;;RPWPCRLCLOCCDCRCWDWOSDDTSW;;;SY)(A;CI;RPWPCRLCLOCCDCRCWDWOSDDTSW;;;EA)(A;CI;LC;;;RU)(OA;CIIO;RP;037088f8-0ae1-11d2-b422-00a0c968f939;bf967aba-0de6-11d0-a285-00aa003049e2;RU)(OA;CIIO;RP;59ba2f42-79a2-11d0-9020-00c04fc2d3cf;bf967aba-0de6-11d0-a285-00aa003049e2;RU)(OA;CIIO;RP;bc0ac240-79a9-11d0-9020-00c04fc2d4cf;bf967aba-0de6-11d0-a285-00aa003049e2;RU)(OA;CIIO;RP;4c164200-20c0-11d0-a768-00aa006e0529;bf967aba-0de6-11d0-a285-00aa003049e2;RU)(OA;CIIO;RP;5f202010-79a5-11d0-9020-00c04fc2d4cf;bf967aba-0de6-11d0-a285-00aa003049e2;RU)(OA;;RP;c7407360-20bf-11d0-a768-00aa006e0529;;RU)(OA;CIIO;RPLCLORC;;bf967a9c-0de6-11d0-a285-00aa003049e2;RU)(A;;RPRC;;;RU)(OA;CIIO;RPLCLORC;;bf967aba-0de6-11d0-a285-00aa003049e2;RU)(A;;LCRPLORC;;;ED)(OA;CIIO;RP;037088f8-0ae1-11d2-b422-00a0c968f939;4828CC14-1437-45bc-9B07-AD6F015E5F28;RU)(OA;CIIO;RP;59ba2f42-79a2-11d0-9020-00c04fc2d3cf;4828CC14-1437-45bc-9B07-AD6F015E5F28;RU)(OA;CIIO;RP;bc0ac240-79a9-11d0-9020-00c04fc2d4cf;4828CC14-1437-45bc-9B07-AD6F015E5F28;RU)(OA;CIIO;RP;4c164200-20c0-11d0-a768-00aa006e0529;4828CC14-1437-45bc-9B07-AD6F015E5F28;RU)(OA;CIIO;RP;5f202010-79a5-11d0-9020-00c04fc2d4cf;4828CC14-1437-45bc-9B07-AD6F015E5F28;RU)(OA;CIIO;RPLCLORC;;4828CC14-1437-45bc-9B07-AD6F015E5F28;RU)(OA;;RP;b8119fd0-04f6-4762-ab7a-4986c76b3f9a;;RU)(OA;;RP;b8119fd0-04f6-4762-ab7a-4986c76b3f9a;;AU)(OA;CIIO;RP;b7c69e6d-2cc7-11d2-854e-00a0c983f608;bf967aba-0de6-11d0-a285-00aa003049e2;ED)(OA;CIIO;RP;b7c69e6d-2cc7-11d2-854e-00a0c983f608;bf967a9c-0de6-11d0-a285-00aa003049e2;ED)(OA;CIIO;RP;b7c69e6d-2cc7-11d2-854e-00a0c983f608;bf967a86-0de6-11d0-a285-00aa003049e2;ED)(OA;;CR;1131f6ad-9c07-11d1-f79f-00c04fc2dcd2;;DD)(OA;;CR;1131f6ad-9c07-11d1-f79f-00c04fc2dcd2;;BA)(OA;;CR;e2a36dc9-ae17-47c3-b58b-be34c55ba633;;S-1-5-32-557)(OA;;CR;280f369c-67c7-438e-ae98-1d46f3c6f541;;AU)(OA;;CR;ccc2dc7d-a6ad-4a7a-8846-c04e3cc53501;;AU)(OA;;CR;05c74c5e-4deb-43b4-bd9f-86664c2a7fd5;;AU)S:(AU;SA;WDWOWP;;;WD)(AU;SA;CR;;;BA)(AU;SA;CR;;;DU)(OU;CISA;WP;f30e3bbe-9ff0-11d1-b603-0000f80367c1;bf967aa5-0de6-11d0-a285-00aa003049e2;WD)(OU;CISA;WP;f30e3bbf-9ff0-11d1-b603-0000f80367c1;bf967aa5-0de6-11d0-a285-00aa003049e2;WD)  "
"Display-Template","CN=Display-Template,CN=Schema,CN=Configuration,DC=contoso,DC=com","1","2015-05-23 23:38:31","D:(A;;RPWPCRCCDCLCLORCWOWDSDDTSW;;;DA)(A;;RPWPCRCCDCLCLORCWOWDSDDTSW;;;SY)(A;;RPLCLORC;;;AU)  "
"RRAS-Administration-Dictionary","CN=RRAS-Administration-Dictionary,CN=Schema,CN=Configuration,DC=contoso,DC=com","1","2015-05-23 23:38:32","D:(A;;RPLCLORC;;;AU)(A;;RPWPCRCCDCLCLORCWOWDSDDTSW;;;DA)(A;;RPWPCRCCDCLCLORCWOWDSDDTSW;;;SY)(A;;RPWPCRCCDCLCLORCWOWDSDDTSW;;;CO)  "
"Display-Specifier","CN=Display-Specifier,CN=Schema,CN=Configuration,DC=contoso,DC=com","1","2015-05-23 23:38:31","D:(A;;RPWPCRCCDCLCLORCWOWDSDDTSW;;;DA)(A;;RPWPCRCCDCLCLORCWOWDSDDTSW;;;SY)(A;;RPLCLORC;;;AU)  "
"RRAS-Administration-Connection-Point","CN=RRAS-Administration-Connection-Point,CN=Schema,CN=Configuration,DC=contoso,DC=com","1","2015-05-23 23:38:32","D:(A;;RPLCLORC;;;AU)(A;;RPWPCRLCLOCCDCRCWDWOSDDTSW;;;DA)(A;;RPWPCRLCLOCCDCRCWDWOSDDTSW;;;CO)(A;;RPWPCRLCLOCCDCRCWDWOSDDTSW;;;SY)  "
"DHCP-Class","CN=DHCP-Class,CN=Schema,CN=Configuration,DC=contoso,DC=com","1","2015-05-23 23:38:31","D:(A;;RPWPCRCCDCLCLORCWOWDSDDTSW;;;DA)(A;;RPWPCRCCDCLCLORCWOWDSDDTSW;;;SY)(A;;RPLCLORC;;;AU)  "
"rpc-Server-Element","CN=rpc-Server-Element,CN=Schema,CN=Configuration,DC=contoso,DC=com","1","2015-05-23 23:38:32","D:(A;;RPWPCRCCDCLCLORCWOWDSDDTSW;;;DA)(A;;RPWPCRCCDCLCLORCWOWDSDDTSW;;;SY)(A;;RPLCLORC;;;AU)  "
"Dfs-Configuration","CN=Dfs-Configuration,CN=Schema,CN=Configuration,DC=contoso,DC=com","1","2015-05-23 23:38:31","D:(A;;RPWPCRCCDCLCLORCWOWDSDDTSW;;;DA)(A;;RPWPCRCCDCLCLORCWOWDSDDTSW;;;SY)(A;;RPLCLORC;;;AU)  "
"rpc-Server","CN=rpc-Server,CN=Schema,CN=Configuration,DC=contoso,DC=com","1","2015-05-23 23:38:32","D:(A;;RPWPCRCCDCLCLORCWOWDSDDTSW;;;DA)(A;;RPWPCRCCDCLCLORCWOWDSDDTSW;;;SY)(A;;RPLCLORC;;;AU)  "
"Device","CN=Device,CN=Schema,CN=Configuration,DC=contoso,DC=com","1","2015-05-23 23:38:31","D:(A;;RPWPCRCCDCLCLORCWOWDSDDTSW;;;DA)(A;;RPWPCRCCDCLCLORCWOWDSDDTSW;;;SY)(A;;RPLCLORC;;;AU)  "
"rpc-Profile-Element","CN=rpc-Profile-Element,CN=Schema,CN=Configuration,DC=contoso,DC=com","1","2015-05-23 23:38:32","D:(A;;RPWPCRCCDCLCLORCWOWDSDDTSW;;;DA)(A;;RPWPCRCCDCLCLORCWOWDSDDTSW;;;SY)(A;;RPLCLORC;;;AU)  "
"Cross-Ref-Container","CN=Cross-Ref-Container,CN=Schema,CN=Configuration,DC=contoso,DC=com","1","2015-05-23 23:38:31","D:(A;;GA;;;SY)  "
"rpc-Profile","CN=rpc-Profile,CN=Schema,CN=Configuration,DC=contoso,DC=com","1","2015-05-23 23:38:32","D:(A;;RPWPCRCCDCLCLORCWOWDSDDTSW;;;DA)(A;;RPWPCRCCDCLCLORCWOWDSDDTSW;;;SY)(A;;RPLCLORC;;;AU)  "
"Cross-Ref","CN=Cross-Ref,CN=Schema,CN=Configuration,DC=contoso,DC=com","1","2015-05-23 23:38:31","D:(A;;RPWPCRCCDCLCLORCWOWDSDDTSW;;;DA)(A;;RPWPCRCCDCLCLORCWOWDSDDTSW;;;SY)(A;;RPLCLORC;;;AU)  "
"rpc-Group","CN=rpc-Group,CN=Schema,CN=Configuration,DC=contoso,DC=com","1","2015-05-23 23:38:32","D:(A;;RPWPCRCCDCLCLORCWOWDSDDTSW;;;DA)(A;;RPWPCRCCDCLCLORCWOWDSDDTSW;;;SY)(A;;RPLCLORC;;;AU)  "
"CRL-Distribution-Point","CN=CRL-Distribution-Point,CN=Schema,CN=Configuration,DC=contoso,DC=com","1","2015-05-23 23:38:31","D:(A;;RPWPCRCCDCLCLORCWOWDSDDTSW;;;DA)(A;;RPWPCRCCDCLCLORCWOWDSDDTSW;;;SY)(A;;RPLCLORC;;;AU)  "
"rpc-Entry","CN=rpc-Entry,CN=Schema,CN=Configuration,DC=contoso,DC=com","1","2015-05-23 23:38:32","D:(A;;RPWPCRCCDCLCLORCWOWDSDDTSW;;;DA)(A;;RPWPCRCCDCLCLORCWOWDSDDTSW;;;SY)(A;;RPLCLORC;;;AU)  "
"Country","CN=Country,CN=Schema,CN=Configuration,DC=contoso,DC=com","1","2015-05-23 23:38:31","D:(A;;RPWPCRCCDCLCLORCWOWDSDDTSW;;;DA)(A;;RPWPCRCCDCLCLORCWOWDSDDTSW;;;SY)(A;;RPLCLORC;;;AU)  "
"Rpc-Container","CN=Rpc-Container,CN=Schema,CN=Configuration,DC=contoso,DC=com","1","2015-05-23 23:38:32","D:(A;;RPWPCRCCDCLCLORCWOWDSDDTSW;;;DA)(A;;RPWPCRCCDCLCLORCWOWDSDDTSW;;;SY)(A;;RPLCLORC;;;AU)  "
"Control-Access-Right","CN=Control-Access-Right,CN=Schema,CN=Configuration,DC=contoso,DC=com","1","2015-05-23 23:38:31","D:(A;;RPWPCRCCDCLCLORCWOWDSDDTSW;;;DA)(A;;RPWPCRCCDCLCLORCWOWDSDDTSW;;;SY)(A;;RPLCLORC;;;AU)  "
"room","CN=room,CN=Schema,CN=Configuration,DC=contoso,DC=com","1","2015-05-23 23:38:32","D:(A;;RPWPCRCCDCLCLOLORCWOWDSDDTDTSW;;;DA)(A;;RPWPCRCCDCLCLORCWOWDSDDTSW;;;SY)(A;;RPLCLORC;;;AU)  "
"Container","CN=Container,CN=Schema,CN=Configuration,DC=contoso,DC=com","1","2015-05-23 23:38:31","D:(A;;RPWPCRCCDCLCLORCWOWDSDDTSW;;;DA)(A;;RPWPCRCCDCLCLORCWOWDSDDTSW;;;SY)(A;;RPLCLORC;;;AU)  "
"RID-Set","CN=RID-Set,CN=Schema,CN=Configuration,DC=contoso,DC=com","1","2015-05-23 23:38:32","D:(A;;RPWPCRCCDCLCLORCWOWDSDDTSW;;;DA)(A;;RPWPCRCCDCLCLORCWOWDSDDTSW;;;SY)(A;;RPLCLORC;;;AU)  "
"Person","CN=Person,CN=Schema,CN=Configuration,DC=contoso,DC=com","1","2015-05-23 23:38:32","D:(A;;RPWPCRCCDCLCLORCWOWDSDDTSW;;;DA)(A;;RPWPCRCCDCLCLORCWOWDSDDTSW;;;SY)(A;;RPLCLORC;;;AU)  "
"RID-Manager","CN=RID-Manager,CN=Schema,CN=Configuration,DC=contoso,DC=com","1","2015-05-23 23:38:32","D:(A;;RPWPCRCCDCLCLORCWOWDSDDTSW;;;DA)(A;;RPWPCRCCDCLCLORCWOWDSDDTSW;;;SY)(A;;RPLCLORC;;;AU)S:(AU;SA;CRWP;;;WD)  "
"Contact","CN=Contact,CN=Schema,CN=Configuration,DC=contoso,DC=com","1","2015-05-23 23:38:31","D:(A;;RPWPCRCCDCLCLORCWOWDSDDTSW;;;DA)(A;;RPWPCRCCDCLCLORCWOWDSDDTSW;;;SY)(A;;RPLCLORC;;;AU)  "
"Connection-Point","CN=Connection-Point,CN=Schema,CN=Configuration,DC=contoso,DC=com","1","2015-05-23 23:38:31","D:(A;;RPWPCRCCDCLCLORCWOWDSDDTSW;;;DA)(A;;RPWPCRCCDCLCLORCWOWDSDDTSW;;;SY)(A;;RPLCLORC;;;AU)  "
"rFC822LocalPart","CN=rFC822LocalPart,CN=Schema,CN=Configuration,DC=contoso,DC=com","1","2015-05-23 23:38:32","D:(A;;RPWPCRCCDCLCLOLORCWOWDSDDTDTSW;;;DA)(A;;RPWPCRCCDCLCLORCWOWDSDDTSW;;;SY)(A;;RPLCLORC;;;AU)  "
"Configuration","CN=Configuration,CN=Schema,CN=Configuration,DC=contoso,DC=com","1","2015-05-23 23:38:31","D:(A;;RPWPCRCCDCLCLORCWOWDSW;;;DA)(A;;RPWPCRCCDCLCLORCWOWDSDDTSW;;;SY)(A;;RPLCLORC;;;AU)  "
"Residential-Person","CN=Residential-Person,CN=Schema,CN=Configuration,DC=contoso,DC=com","1","2015-05-23 23:38:32","D:(A;;RPWPCRCCDCLCLORCWOWDSDDTSW;;;DA)(A;;RPWPCRCCDCLCLORCWOWDSDDTSW;;;SY)(A;;RPLCLORC;;;AU)  "
"Computer","CN=Computer,CN=Schema,CN=Configuration,DC=contoso,DC=com","1","2015-05-23 23:38:31","D:(A;;RPWPCRCCDCLCLORCWOWDSDDTSW;;;DA)(A;;RPWPCRCCDCLCLORCWOWDSDDTSW;;;AO)(A;;RPWPCRCCDCLCLORCWOWDSDDTSW;;;SY)(A;;RPCRLCLORCSDDT;;;CO)(OA;;WP;4c164200-20c0-11d0-a768-00aa006e0529;;CO)(A;;RPLCLORC;;;AU)(OA;;CR;ab721a53-1e2f-11d0-9819-00aa0040529b;;WD)(A;;CCDC;;;PS)(OA;;CCDC;bf967aa8-0de6-11d0-a285-00aa003049e2;;PO)(OA;;RPWP;bf967a7f-0de6-11d0-a285-00aa003049e2;;CA)(OA;;SW;f3a64788-5306-11d1-a9c5-0000f80367c1;;PS)(OA;;RPWP;77B5B886-944A-11d1-AEBD-0000F80367C1;;PS)(OA;;SW;72e39547-7b18-11d1-adef-00c04fd8d5cd;;PS)(OA;;SW;72e39547-7b18-11d1-adef-00c04fd8d5cd;;CO)(OA;;SW;f3a64788-5306-11d1-a9c5-0000f80367c1;;CO)(OA;;WP;3e0abfd0-126a-11d0-a060-00aa006c33ed;bf967a86-0de6-11d0-a285-00aa003049e2;CO)(OA;;WP;5f202010-79a5-11d0-9020-00c04fc2d4cf;bf967a86-0de6-11d0-a285-00aa003049e2;CO)(OA;;WP;bf967950-0de6-11d0-a285-00aa003049e2;bf967a86-0de6-11d0-a285-00aa003049e2;CO)(OA;;WP;bf967953-0de6-11d0-a285-00aa003049e2;bf967a86-0de6-11d0-a285-00aa003049e2;CO)(OA;;RP;46a9b11d-60ae-405a-b7e8-ff8a58d456d2;;S-1-5-32-560)  "
"Remote-Storage-Service-Point","CN=Remote-Storage-Service-Point,CN=Schema,CN=Configuration,DC=contoso,DC=com","1","2015-05-23 23:38:32","D:(A;;RPLCLORC;;;AU)(A;;RPWPCRLCLOCCDCRCWDWOSDDTSW;;;DA)(A;;RPWPCRLCLOCCDCRCWDWOSDDTSW;;;CO)(A;;RPWPCRLCLOCCDCRCWDWOSDDTSW;;;SY)  "
"Com-Connection-Point","CN=Com-Connection-Point,CN=Schema,CN=Configuration,DC=contoso,DC=com","1","2015-05-23 23:38:31","D:(A;;RPWPCRCCDCLCLORCWOWDSDDTSW;;;DA)(A;;RPWPCRCCDCLCLORCWOWDSDDTSW;;;SY)(A;;RPLCLORC;;;AU)  "
"Remote-Mail-Recipient","CN=Remote-Mail-Recipient,CN=Schema,CN=Configuration,DC=contoso,DC=com","1","2015-05-23 23:38:32","D:(A;;RPWPCRCCDCLCLORCWOWDSDDTSW;;;DA)(A;;RPWPCRCCDCLCLORCWOWDSDDTSW;;;SY)(A;;RPLCLORC;;;AU)(OA;;CR;ab721a55-1e2f-11d0-9819-00aa0040529b;;AU)  "
"Class-Store","CN=Class-Store,CN=Schema,CN=Configuration,DC=contoso,DC=com","1","2015-05-23 23:38:31","D:(A;;RPWPCRCCDCLCLORCWOWDSDDTSW;;;DA)(A;;RPWPCRCCDCLCLORCWOWDSDDTSW;;;SY)(A;;RPLCLORC;;;AU)  "
"Query-Policy","CN=Query-Policy,CN=Schema,CN=Configuration,DC=contoso,DC=com","1","2015-05-23 23:38:32","D:(A;;RPWPCRCCDCLCLORCWOWDSDDTSW;;;DA)(A;;RPWPCRCCDCLCLORCWOWDSDDTSW;;;SY)(A;;RPLCLORC;;;AU)  "
"Print-Queue","CN=Print-Queue,CN=Schema,CN=Configuration,DC=contoso,DC=com","1","2015-05-23 23:38:32","D:(A;;RPWPCRCCDCLCLORCWOWDSDDTSW;;;DA)(A;;RPWPCRCCDCLCLORCWOWDSDDTSW;;;SY)(A;;RPWPCRCCDCLCLORCWOWDSDDTSW;;;PO)(A;;RPWPCRCCDCLCLORCWOWDSDDTSW;;;CO)(A;;RPLCLORC;;;AU)  "
"Class-Registration","CN=Class-Registration,CN=Schema,CN=Configuration,DC=contoso,DC=com","1","2015-05-23 23:38:31","D:(A;;RPWPCRCCDCLCLORCWOWDSDDTSW;;;DA)(A;;RPWPCRCCDCLCLORCWOWDSDDTSW;;;SY)(A;;RPLCLORC;;;AU)  "
"ms-PKI-Private-Key-Recovery-Agent","CN=ms-PKI-Private-Key-Recovery-Agent,CN=Schema,CN=Configuration,DC=contoso,DC=com","1","2015-05-23 23:38:32","D:(A;;RPWPCRCCDCLCLORCWOWDSDDTSW;;;DA)(A;;RPWPCRCCDCLCLORCWOWDSDDTSW;;;SY)(A;;RPLCLORC;;;AU)  "
"Certification-Authority","CN=Certification-Authority,CN=Schema,CN=Configuration,DC=contoso,DC=com","1","2015-05-23 23:38:31","D:(A;;RPWPCRCCDCLCLORCWOWDSDDTSW;;;DA)(A;;RPWPCRCCDCLCLORCWOWDSDDTSW;;;SY)(A;;RPLCLORC;;;AU)  "
"PKI-Enrollment-Service","CN=PKI-Enrollment-Service,CN=Schema,CN=Configuration,DC=contoso,DC=com","1","2015-05-23 23:38:32","D:(A;;RPWPCRCCDCLCLORCWOWDSDDTSW;;;DA)(A;;RPWPCRCCDCLCLORCWOWDSDDTSW;;;SY)(A;;RPLCLORC;;;AU)  "
"Category-Registration","CN=Category-Registration,CN=Schema,CN=Configuration,DC=contoso,DC=com","1","2015-05-23 23:38:31","D:(A;;RPWPCRCCDCLCLORCWOWDSDDTSW;;;DA)(A;;RPWPCRCCDCLCLORCWOWDSDDTSW;;;SY)(A;;RPLCLORC;;;AU)  "
"PKI-Certificate-Template","CN=PKI-Certificate-Template,CN=Schema,CN=Configuration,DC=contoso,DC=com","1","2015-05-23 23:38:32","D:(A;;RPWPCRCCDCLCLORCWOWDSDDTSW;;;DA)(A;;RPWPCRCCDCLCLORCWOWDSDDTSW;;;SY)(A;;RPLCLORC;;;AU)  "
"Builtin-Domain","CN=Builtin-Domain,CN=Schema,CN=Configuration,DC=contoso,DC=com","1","2015-05-23 23:38:31","D:(A;;RPLCLORC;;;DA)(A;;RPWPCRCCDCLCLORCWOWDSDDTSW;;;SY)(A;;RPLCLORC;;;AU)  "
"Physical-Location","CN=Physical-Location,CN=Schema,CN=Configuration,DC=contoso,DC=com","1","2015-05-23 23:38:32","D:(A;;RPWPCRCCDCLCLORCWOWDSDDTSW;;;DA)(A;;RPWPCRCCDCLCLORCWOWDSDDTSW;;;SY)(A;;RPLCLORC;;;AU)  "
"Application-Version","CN=Application-Version,CN=Schema,CN=Configuration,DC=contoso,DC=com","1","2015-05-23 23:38:31","D:(A;;RPWPCRCCDCLCLORCWOWDSDDTSW;;;DA)(A;;RPWPCRCCDCLCLORCWOWDSDDTSW;;;SY)(A;;RPLCLORC;;;AU)  "
"Package-Registration","CN=Package-Registration,CN=Schema,CN=Configuration,DC=contoso,DC=com","1","2015-05-23 23:38:32","D:(A;;RPWPCRCCDCLCLORCWOWDSDDTSW;;;DA)(A;;RPWPCRCCDCLCLORCWOWDSDDTSW;;;SY)(A;;RPLCLORC;;;AU)  "
"Application-Site-Settings","CN=Application-Site-Settings,CN=Schema,CN=Configuration,DC=contoso,DC=com","1","2015-05-23 23:38:31","D:(A;;RPWPCRCCDCLCLORCWOWDSDDTSW;;;DA)(A;;RPWPCRCCDCLCLORCWOWDSDDTSW;;;SY)(A;;RPLCLORC;;;AU)  "
"Organizational-Unit","CN=Organizational-Unit,CN=Schema,CN=Configuration,DC=contoso,DC=com","1","2015-05-23 23:38:32","D:(A;;RPWPCRCCDCLCLORCWOWDSDDTSW;;;SY)(A;;RPWPCRCCDCLCLORCWOWDSDDTSW;;;DA)(OA;;CCDC;bf967a86-0de6-11d0-a285-00aa003049e2;;AO)(OA;;CCDC;bf967aba-0de6-11d0-a285-00aa003049e2;;AO)(OA;;CCDC;bf967a9c-0de6-11d0-a285-00aa003049e2;;AO)(OA;;CCDC;bf967aa8-0de6-11d0-a285-00aa003049e2;;PO)(A;;RPLCLORC;;;AU)(A;;LCRPLORC;;;ED)(OA;;CCDC;4828CC14-1437-45bc-9B07-AD6F015E5F28;;AO)  "
"Organizational-Role","CN=Organizational-Role,CN=Schema,CN=Configuration,DC=contoso,DC=com","1","2015-05-23 23:38:32","D:(A;;RPWPCRCCDCLCLORCWOWDSDDTSW;;;DA)(A;;RPWPCRCCDCLCLORCWOWDSDDTSW;;;SY)(A;;RPLCLORC;;;AU)  "
"Application-Process","CN=Application-Process,CN=Schema,CN=Configuration,DC=contoso,DC=com","1","2015-05-23 23:38:31","D:(A;;RPWPCRCCDCLCLORCWOWDSDDTSW;;;DA)(A;;RPWPCRCCDCLCLORCWOWDSDDTSW;;;SY)(A;;RPLCLORC;;;AU)  "
"Organizational-Person","CN=Organizational-Person,CN=Schema,CN=Configuration,DC=contoso,DC=com","1","2015-05-23 23:38:32","D:(A;;RPWPCRCCDCLCLORCWOWDSDDTSW;;;DA)(A;;RPWPCRCCDCLCLORCWOWDSDDTSW;;;SY)(A;;RPLCLORC;;;AU)  "
"Application-Entity","CN=Application-Entity,CN=Schema,CN=Configuration,DC=contoso,DC=com","1","2015-05-23 23:38:31","D:(A;;RPWPCRCCDCLCLORCWOWDSDDTSW;;;DA)(A;;RPWPCRCCDCLCLORCWOWDSDDTSW;;;SY)(A;;RPLCLORC;;;AU)  "
"NTFRS-Subscriptions","CN=NTFRS-Subscriptions,CN=Schema,CN=Configuration,DC=contoso,DC=com","1","2015-05-23 23:38:32","D:(A;;RPLCLORC;;;AU)(A;;RPWPCRCCDCLCLORCWOWDSDDTSW;;;DA)(A;;RPWPCRCCDCLCLORCWOWDSDDTSW;;;SY)(A;;RPWPCRCCDCLCLORCWOWDSDDTSW;;;CO)  "
"Address-Template","CN=Address-Template,CN=Schema,CN=Configuration,DC=contoso,DC=com","1","2015-05-23 23:38:31","D:(A;;RPWPCRCCDCLCLORCWOWDSDDTSW;;;DA)(A;;RPWPCRCCDCLCLORCWOWDSDDTSW;;;SY)(A;;RPLCLORC;;;AU)  "
"NTFRS-Subscriber","CN=NTFRS-Subscriber,CN=Schema,CN=Configuration,DC=contoso,DC=com","1","2015-05-23 23:38:32","D:(A;;RPLCLORC;;;AU)(A;;RPWPCRCCDCLCLORCWOWDSDDTSW;;;DA)(A;;RPWPCRCCDCLCLORCWOWDSDDTSW;;;SY)(A;;RPWPCRCCDCLCLORCWOWDSDDTSW;;;CO)  "
"Address-Book-Container","CN=Address-Book-Container,CN=Schema,CN=Configuration,DC=contoso,DC=com","1","2015-05-23 23:38:31","D:(A;;RPWPCRCCDCLCLORCWOWDSDDTSW;;;DA)(A;;RPWPCRCCDCLCLORCWOWDSDDTSW;;;SY)(A;;RPLCLORC;;;AU)(OA;;CR;a1990816-4298-11d1-ade2-00c04fd8d5cd;;AU)  "
"NTFRS-Settings","CN=NTFRS-Settings,CN=Schema,CN=Configuration,DC=contoso,DC=com","1","2015-05-23 23:38:32","D:(A;;RPLCLORC;;;AU)(A;;RPWPCRLCLOCCDCRCWDWOSDDTSW;;;DA)(A;;RPWPCRLCLOCCDCRCWDWOSDDTSW;;;CO)(A;;RPWPCRLCLOCCDCRCWDWOSDDTSW;;;SY)  "
"ACS-Subnet","CN=ACS-Subnet,CN=Schema,CN=Configuration,DC=contoso,DC=com","1","2015-05-23 23:38:31","D:(A;;RPWPCRCCDCLCLORCWOWDSDDTSW;;;DA)(A;;RPWPCRCCDCLCLORCWOWDSDDTSW;;;SY)(A;;RPLCLORC;;;AU)  "
"NTFRS-Replica-Set","CN=NTFRS-Replica-Set,CN=Schema,CN=Configuration,DC=contoso,DC=com","1","2015-05-23 23:38:32","D:(A;;RPLCLORC;;;AU)(A;;RPWPCRLCLOCCDCRCWDWOSDDTSW;;;DA)(A;;RPWPCRLCLOCCDCRCWDWOSDDTSW;;;CO)(A;;RPWPCRLCLOCCDCRCWDWOSDDTSW;;;SY)  "
"ACS-Resource-Limits","CN=ACS-Resource-Limits,CN=Schema,CN=Configuration,DC=contoso,DC=com","1","2015-05-23 23:38:31","D:(A;;RPWPCRCCDCLCLOLORCWOWDSDDTDTSW;;;DA)(A;;RPWPCRCCDCLCLORCWOWDSDDTSW;;;SY)(A;;RPLCLORC;;;AU)  "
"NTFRS-Member","CN=NTFRS-Member,CN=Schema,CN=Configuration,DC=contoso,DC=com","1","2015-05-23 23:38:32","D:(A;;RPLCLORC;;;AU)(A;;RPWPCRLCLOCCDCRCWDWOSDDTSW;;;DA)(A;;RPWPCRLCLOCCDCRCWDWOSDDTSW;;;CO)(A;;RPWPCRLCLOCCDCRCWDWOSDDTSW;;;SY)  "
"ACS-Policy","CN=ACS-Policy,CN=Schema,CN=Configuration,DC=contoso,DC=com","1","2015-05-23 23:38:31","D:(A;;RPWPCRCCDCLCLOLORCWOWDSDDTDTSW;;;DA)(A;;RPWPCRCCDCLCLORCWOWDSDDTSW;;;SY)(A;;RPLCLORC;;;AU)  "
"NTDS-Site-Settings","CN=NTDS-Site-Settings,CN=Schema,CN=Configuration,DC=contoso,DC=com","1","2015-05-23 23:38:32","D:(A;;RPWPCRCCDCLCLORCWOWDSDDTSW;;;DA)(A;;RPWPCRCCDCLCLORCWOWDSDDTSW;;;SY)(A;;RPLCLORC;;;AU)  "
"Class-Schema","CN=Class-Schema,CN=Schema,CN=Configuration,DC=contoso,DC=com","1","2015-05-23 23:38:31","D:S:  "
"account","CN=account,CN=Schema,CN=Configuration,DC=contoso,DC=com","1","2015-05-23 23:38:31","D:(A;;RPWPCRCCDCLCLOLORCWOWDSDDTDTSW;;;DA)(A;;RPWPCRCCDCLCLORCWOWDSDDTSW;;;SY)(A;;RPLCLORC;;;AU)  "
"NTDS-Service","CN=NTDS-Service,CN=Schema,CN=Configuration,DC=contoso,DC=com","1","2015-05-23 23:38:32","D:(A;;RPWPCRCCDCLCLORCWOWDSDDTSW;;;DA)(A;;RPWPCRCCDCLCLORCWOWDSDDTSW;;;SY)(A;;RPLCLORC;;;AU)  "
"NTDS-Connection","CN=NTDS-Connection,CN=Schema,CN=Configuration,DC=contoso,DC=com","1","2015-05-23 23:38:32","D:(A;;RPWPCRCCDCLCLORCWOWDSDDTSW;;;DA)(A;;RPWPCRCCDCLCLORCWOWDSDDTSW;;;SY)(A;;RPLCLORC;;;AU)  "
"MSMQ-Site-Link","CN=MSMQ-Site-Link,CN=Schema,CN=Configuration,DC=contoso,DC=com","1","2015-05-23 23:38:32","D:(A;;RPWPCRCCDCLCLORCWOWDSDDTSW;;;DA)(A;;RPWPCRCCDCLCLORCWOWDSDDTSW;;;SY)(A;;RPLCLORC;;;AU)  "
"MSMQ-Settings","CN=MSMQ-Settings,CN=Schema,CN=Configuration,DC=contoso,DC=com","1","2015-05-23 23:38:32","D:(A;;RPWPCRCCDCLCLORCWOWDSDDTSW;;;DA)(A;;RPWPCRCCDCLCLORCWOWDSDDTSW;;;SY)(A;;RPLCLORC;;;AU)  "
"MSMQ-Queue","CN=MSMQ-Queue,CN=Schema,CN=Configuration,DC=contoso,DC=com","1","2015-05-23 23:38:32","D:(A;;RPWPCRCCDCLCLORCWOWDSDDTSW;;;DA)(A;;RPWPCRCCDCLCLORCWOWDSDDTSW;;;SY)(A;;RPLCLORC;;;AU)  "
"MSMQ-Migrated-User","CN=MSMQ-Migrated-User,CN=Schema,CN=Configuration,DC=contoso,DC=com","1","2015-05-23 23:38:32","D:(A;;RPWPCRCCDCLCLORCWOWDSDDTSW;;;DA)(A;;RPWPCRCCDCLCLORCWOWDSDDTSW;;;SY)(A;;RPLCLORC;;;AU)  "
"MSMQ-Group","CN=MSMQ-Group,CN=Schema,CN=Configuration,DC=contoso,DC=com","1","2015-05-23 23:38:32","D:(A;;RPWPCRCCDCLCLORCWOWDSDDTSW;;;DA)(A;;RPWPCRCCDCLCLORCWOWDSDDTSW;;;SY)(A;;RPLCLORC;;;AU)  "
"MSMQ-Enterprise-Settings","CN=MSMQ-Enterprise-Settings,CN=Schema,CN=Configuration,DC=contoso,DC=com","1","2015-05-23 23:38:32","D:(A;;RPWPCRCCDCLCLORCWOWDSDDTSW;;;DA)(A;;RPWPCRCCDCLCLORCWOWDSDDTSW;;;SY)(A;;RPLCLORC;;;AU)  "
"MSMQ-Custom-Recipient","CN=MSMQ-Custom-Recipient,CN=Schema,CN=Configuration,DC=contoso,DC=com","1","2015-05-23 23:38:32","D:(A;;RPWPCRCCDCLCLORCWOWDSDDTSW;;;DA)(A;;RPWPCRCCDCLCLORCWOWDSDDTSW;;;SY)(A;;RPLCLORC;;;AU)  "
"MSMQ-Configuration","CN=MSMQ-Configuration,CN=Schema,CN=Configuration,DC=contoso,DC=com","1","2015-05-23 23:38:32","D:(A;;RPWPCRCCDCLCLORCWOWDSDDTSW;;;DA)(A;;RPWPCRCCDCLCLORCWOWDSDDTSW;;;SY)(A;;RPLCLORC;;;AU)  "
"ms-WMI-WMIGPO","CN=ms-WMI-WMIGPO,CN=Schema,CN=Configuration,DC=contoso,DC=com","1","2015-05-23 23:38:32","D:(A;;RPLCLORC;;;AU)(A;;RPWPCRLCLOCCDCRCWDWOSW;;;DA)(A;;CC;;;PA)(A;;RPWPCRLCLOCCDCRCWDWOSDDTSW;;;SY)  "
"ms-WMI-UnknownRangeParam","CN=ms-WMI-UnknownRangeParam,CN=Schema,CN=Configuration,DC=contoso,DC=com","1","2015-05-23 23:38:32","D:(A;;RPWPCRCCDCLCLORCWOWDSDDTSW;;;DA)(A;;RPWPCRCCDCLCLORCWOWDSDDTSW;;;SY)(A;;RPLCLORC;;;AU)  "
"ms-WMI-UintSetParam","CN=ms-WMI-UintSetParam,CN=Schema,CN=Configuration,DC=contoso,DC=com","1","2015-05-23 23:38:32","D:(A;;RPWPCRCCDCLCLORCWOWDSDDTSW;;;DA)(A;;RPWPCRCCDCLCLORCWOWDSDDTSW;;;SY)(A;;RPCCDCLCLODTRC;;;AU)  "
"ms-WMI-UintRangeParam","CN=ms-WMI-UintRangeParam,CN=Schema,CN=Configuration,DC=contoso,DC=com","1","2015-05-23 23:38:32","D:(A;;RPWPCRCCDCLCLORCWOWDSDDTSW;;;DA)(A;;RPWPCRCCDCLCLORCWOWDSDDTSW;;;SY)(A;;RPLCLORC;;;AU)  "
"ms-WMI-StringSetParam","CN=ms-WMI-StringSetParam,CN=Schema,CN=Configuration,DC=contoso,DC=com","1","2015-05-23 23:38:32","D:(A;;RPWPCRCCDCLCLORCWOWDSDDTSW;;;DA)(A;;RPWPCRCCDCLCLORCWOWDSDDTSW;;;SY)(A;;RPCCDCLCLODTRC;;;AU)  "
"ms-WMI-Som","CN=ms-WMI-Som,CN=Schema,CN=Configuration,DC=contoso,DC=com","1","2015-05-23 23:38:32","D:(A;;RPLCLORC;;;AU)(A;;RPWPCRLCLOCCDCRCWDWOSW;;;DA)(A;;CC;;;PA)(A;;RPWPCRLCLOCCDCRCWDWOSDDTSW;;;SY)  "
"ms-WMI-SimplePolicyTemplate","CN=ms-WMI-SimplePolicyTemplate,CN=Schema,CN=Configuration,DC=contoso,DC=com","1","2015-05-23 23:38:32","D:(A;;RPWPCRCCDCLCLORCWOWDSDDTSW;;;DA)(A;;RPWPCRCCDCLCLORCWOWDSDDTSW;;;SY)(A;;RPCCDCLCLODTRC;;;AU)  "
"ms-WMI-ShadowObject","CN=ms-WMI-ShadowObject,CN=Schema,CN=Configuration,DC=contoso,DC=com","1","2015-05-23 23:38:32","D:(A;;RPWPCRCCDCLCLORCWOWDSDDTSW;;;DA)(A;;RPWPCRCCDCLCLORCWOWDSDDTSW;;;SY)(A;;RPLCLORC;;;AU)  "
"ms-WMI-Rule","CN=ms-WMI-Rule,CN=Schema,CN=Configuration,DC=contoso,DC=com","1","2015-05-23 23:38:32","D:(A;;RPWPCRCCDCLCLORCWOWDSDDTSW;;;DA)(A;;RPWPCRCCDCLCLORCWOWDSDDTSW;;;SY)(A;;RPLCLORC;;;AU)  "
"ms-WMI-RealRangeParam","CN=ms-WMI-RealRangeParam,CN=Schema,CN=Configuration,DC=contoso,DC=com","1","2015-05-23 23:38:32","D:(A;;RPWPCRCCDCLCLORCWOWDSDDTSW;;;DA)(A;;RPWPCRCCDCLCLORCWOWDSDDTSW;;;SY)(A;;RPLCLORC;;;AU)  "
"ms-WMI-RangeParam","CN=ms-WMI-RangeParam,CN=Schema,CN=Configuration,DC=contoso,DC=com","1","2015-05-23 23:38:32","D:(A;;RPWPCRCCDCLCLORCWOWDSDDTSW;;;DA)(A;;RPWPCRCCDCLCLORCWOWDSDDTSW;;;SY)(A;;RPCCDCLCLODTRC;;;AU)  "
"ms-WMI-PolicyType","CN=ms-WMI-PolicyType,CN=Schema,CN=Configuration,DC=contoso,DC=com","1","2015-05-23 23:38:32","D:(A;;RPLCLORC;;;AU)(A;;RPWPCRLCLOCCDCRCWDWOSW;;;DA)(A;;CC;;;PA)(A;;RPWPCRLCLOCCDCRCWDWOSDDTSW;;;SY)  "
"ms-WMI-PolicyTemplate","CN=ms-WMI-PolicyTemplate,CN=Schema,CN=Configuration,DC=contoso,DC=com","1","2015-05-23 23:38:32","D:(A;;RPLCLORC;;;AU)(A;;RPWPCRLCLOCCDCRCWDWOSW;;;DA)(A;;CC;;;PA)(A;;RPWPCRLCLOCCDCRCWDWOSDDTSW;;;SY)  "
"Attribute-Schema","CN=Attribute-Schema,CN=Schema,CN=Configuration,DC=contoso,DC=com","1","2015-05-23 23:38:31","D:S:  "
"ms-WMI-ObjectEncoding","CN=ms-WMI-ObjectEncoding,CN=Schema,CN=Configuration,DC=contoso,DC=com","1","2015-05-23 23:38:32","D:(A;;RPWPCRCCDCLCLORCWOWDSDDTSW;;;DA)(A;;RPWPCRCCDCLCLORCWOWDSDDTSW;;;SY)(A;;RPLCLORC;;;AU)  "
"SubSchema","CN=SubSchema,CN=Schema,CN=Configuration,DC=contoso,DC=com","1","2015-05-23 23:38:32","D:S:  "
"ms-WMI-MergeablePolicyTemplate","CN=ms-WMI-MergeablePolicyTemplate,CN=Schema,CN=Configuration,DC=contoso,DC=com","1","2015-05-23 23:38:32","D:(A;;RPWPCRCCDCLCLORCWOWDSDDTSW;;;DA)(A;;RPWPCRCCDCLCLORCWOWDSDDTSW;;;SY)(A;;RPCCDCLCLODTRC;;;AU)  "
"DMD","CN=DMD,CN=Schema,CN=Configuration,DC=contoso,DC=com","1","2015-05-23 23:38:31","D:(A;;RPWPCRCCDCLCLORCWOWDSDDTSW;;;DA)(A;;RPWPCRCCDCLCLORCWOWDSDDTSW;;;SY)(A;;RPLCLORC;;;AU)  "
"ms-WMI-IntSetParam","CN=ms-WMI-IntSetParam,CN=Schema,CN=Configuration,DC=contoso,DC=com","1","2015-05-23 23:38:32","D:(A;;RPWPCRCCDCLCLORCWOWDSDDTSW;;;DA)(A;;RPWPCRCCDCLCLORCWOWDSDDTSW;;;SY)(A;;RPCCDCLCLODTRC;;;AU)  "
"NTDS-DSA","CN=NTDS-DSA,CN=Schema,CN=Configuration,DC=contoso,DC=com","1","2015-05-23 23:38:32","D:(A;;RPWPCRCCDCLCLORCWOWDSDDTSW;;;DA)(A;;RPWPCRCCDCLCLORCWOWDSDDTSW;;;SY)(A;;RPLCLORC;;;AU)  "
"ms-WMI-IntRangeParam","CN=ms-WMI-IntRangeParam,CN=Schema,CN=Configuration,DC=contoso,DC=com","1","2015-05-23 23:38:32","D:(A;;RPWPCRCCDCLCLORCWOWDSDDTSW;;;DA)(A;;RPWPCRCCDCLCLORCWOWDSDDTSW;;;SY)(A;;RPLCLORC;;;AU)  "
"Organization","CN=Organization,CN=Schema,CN=Configuration,DC=contoso,DC=com","1","2015-05-23 23:38:32","D:(A;;RPWPCRCCDCLCLORCWOWDSDDTSW;;;DA)(A;;RPWPCRCCDCLCLORCWOWDSDDTSW;;;SY)(A;;RPLCLORC;;;AU)  "
"ms-TAPI-Rt-Person","CN=ms-TAPI-Rt-Person,CN=Schema,CN=Configuration,DC=contoso,DC=com","1","2015-05-23 23:38:32","D:(A;;RPWPCRCCDCLCLORCWOWDSDDTSW;;;DA)(A;;RPWPCRCCDCLCLORCWOWDSDDTSW;;;SY)(A;;RPLCLORC;;;AU)  "
"ms-TAPI-Rt-Conference","CN=ms-TAPI-Rt-Conference,CN=Schema,CN=Configuration,DC=contoso,DC=com","1","2015-05-23 23:38:32","D:(A;;RPWPCRCCDCLCLORCWOWDSDDTSW;;;DA)(A;;RPWPCRCCDCLCLORCWOWDSDDTSW;;;SY)(A;;RPLCLORC;;;AU)  "
"MS-SQL-OLAPCube","CN=MS-SQL-OLAPCube,CN=Schema,CN=Configuration,DC=contoso,DC=com","1","2015-05-23 23:38:32","D:(A;;RPWPCRCCDCLCLORCWOWDSDDTSW;;;DA)(A;;RPWPCRCCDCLCLORCWOWDSDDTSW;;;SY)(A;;RPLCLORC;;;AU)  "
